{"count":1,"self":71.135072,"total":130.88891189999998,"children":{"InitializeActuators":{"count":1,"self":0.0019982999999999997,"total":0.0019982999999999997,"children":null},"InitializeSensors":{"count":1,"self":0.0019998999999999998,"total":0.0019998999999999998,"children":null},"AgentSendState":{"count":107734,"self":0.0940505,"total":0.40545139999999996,"children":{"CollectObservations":{"count":10774,"self":0.0139887,"total":0.0139887,"children":null},"WriteActionMask":{"count":10774,"self":0.0040065,"total":0.0040065,"children":null},"RequestDecision":{"count":10774,"self":0.035697099999999996,"total":0.2934057,"children":{"AgentInfo.ToProto":{"count":10774,"self":0.0615424,"total":0.2577086,"children":{"GenerateSensorData":{"count":10774,"self":0.19616619999999999,"total":0.19616619999999999,"children":null}}}}}}},"DecideAction":{"count":107734,"self":59.122355199999994,"total":59.122352,"children":null},"AgentAct":{"count":107734,"self":0.20102299999999998,"total":0.2220414,"children":{"AgentInfo.ToProto":{"count":1022,"self":0.0009998,"total":0.0210184,"children":{"GenerateSensorData":{"count":1022,"self":0.020018599999999998,"total":0.020018599999999998,"children":null}}}}}},"gauges":{"RollerBall.CumulativeReward":{"count":1022,"max":2,"min":0,"runningAverage":0.704500735,"value":2,"weightedAverage":1.01624346}},"metadata":{"timer_format_version":"0.1.0","start_time_seconds":"1625752379","unity_version":"2020.3.11f1","command_line_arguments":"C:\\Program Files\\2020.3.11f1\\Editor\\Unity.exe -projectpath C:\/Users\/okuda\/UnityGames\/RollerBall -useHub -hubIPC -cloudEnvironment production -hubSessionId c15cd840-dfc9-11eb-a29e-f5b8283fd614 -accessToken bH1hAXg4klbTwHjVmUB1wd9FsKQJ17dkRj5yimY3ZWo00ef","communication_protocol_version":"1.5.0","com.unity.ml-agents_version":"2.1.0-exp.1","scene_name":"main","end_time_seconds":"1625752510"}}